,first_name,last_name,city,email
1,Kendra,Yandow,Alcida,kendray@cox.net
2,Lourdes,Beliles,Belleville,l.beliles@gmail.com
3,Hannah,Helmcamp,Vancouver,hannah.helmcamp@helmcamp.org
4,Tom,Sport,LIle-Perrot,tom_sport@aol.com
5,Queenie,Torchio,Swift Current,queeniet@hotmail.com
6,Hui,Moltz,Baker Brook,hui.moltz@yahoo.com
7,Josefa,Despain,Delhi,josefa.despain@hotmail.com
8,Lea,Brzozowski,Bradford,lea.brzozowski@aol.com
9,Paola,Kardell,Aurora,paola_kardell@aol.com
